"ONE Lórem ipsum dolor sit ame";Sim
"ONE séd do eiusmod tempôr incididunt";Sim
"ONE Ut enim ad minim veniam";Sim
"ONE Lorém ipsum dolor sit amet";Sim
"ONE sed do eiusmód tempor incididunt";Sim
"ONE Út enim ad minim veniam";Sim
"TWO aliquip ex ea commodo consequat";NÃ£o
"TWO voluptate velit esse parte cillum";NÃ£o
"TWO Excepteur sint occaecat cupidatat";NÃ£o
"TWO aliquip ex ea commodo consequat";NÃ£o
"TWO voluptate velit esse parte cillum dolore";NÃ£o
"TWO Excepteur sint occaecat cupidatat";NÃ£o
